Word,JLPT Level
ああ,N5
会う,N5
青,N5
青い,N5
赤,N5
赤い,N5
明るい,N5
秋,N5
開く,N5
開ける,N5
上げる,N5
朝,N5
朝御飯,N5
明後日,N5
足; 脚,N5
明日,N5
あそこ,N5
遊ぶ,N5
暖かい,N5
頭,N5
新しい,N5
あちら,N5
暑い,N5
熱い,N5
厚い,N5
あっち,N5
後,N5
あなた,N5
兄,N5
姉,N5
アパート,N5
あの,N5
浴びる,N5
危ない,N5
甘い,N5
余り,N5
雨,N5
飴,N5
洗う,N5
在る,N5
有る,N5
歩く,N5
あれ,N5
いい; よい,N5
いいえ,N5
言う,N5
家,N5
いかが,N5
行く,N5
いくつ,N5
いくら,N5
池,N5
医者,N5
椅子,N5
忙しい,N5
痛い,N5
一,N5
一日,N5
一番,N5
いつ,N5
五日,N5
一緒,N5
五つ,N5
いつも,N5
犬,N5
今,N5
意味,N5
妹,N5
嫌,N5
入口,N5
居る,N5
要る,N5
入れる,N5
色,N5
色々,N5
上,N5
後ろ,N5
薄い,N5
歌,N5
歌う,N5
うち,N5
生まれる,N5
海,N5
売る,N5
うるさい,N5
上着,N5
絵,N5
映画,N5
映画館,N5
英語,N5
ええ,N5
駅,N5
エレベーター,N5
～円,N5
鉛筆,N5
お～,N5
美味しい,N5
多い,N5
大きい,N5
大きな,N5
大勢,N5
お母さん,N5
お菓子,N5
お金,N5
起きる,N5
置く,N5
奥さん,N5
お酒,N5
お皿,N5
伯父; 叔父さん,N5
おじいさん,N5
教える,N5
押す,N5
遅い,N5
お茶,N5
お手洗い,N5
お父さん,N5
弟,N5
男,N5
男の子,N5
一昨日,N5
おととし,N5
大人,N5
お腹,N5
同じ,N5
お兄さん,N5
お姉さん,N5
伯母さん; 叔母さん,N5
おばあさん,N5
お風呂,N5
お弁当,N5
覚える,N5
おまわりさん,N5
重い,N5
面白い,N5
泳ぐ,N5
降りる,N5
終る,N5
音楽,N5
女,N5
女の子,N5
～回,N5
～階,N5
外国,N5
外国人,N5
会社,N5
階段,N5
買い物,N5
買う,N5
返す,N5
帰る,N5
顔,N5
かかる,N5
鍵,N5
書く,N5
学生,N5
～か月,N5
掛ける,N5
かける,N5
傘,N5
貸す,N5
風,N5
風邪,N5
方,N5
家族,N5
片仮名,N5
～月,N5
学校,N5
カップ,N5
家庭,N5
角,N5
かばん,N5
花瓶,N5
かぶる,N5
紙,N5
カメラ,N5
火曜日,N5
辛い,N5
体,N5
借りる,N5
～がる,N5
軽い,N5
カレー,N5
カレンダー,N5
川; 河,N5
～側,N5
可愛い,N5
漢字,N5
木,N5
黄色,N5
黄色い,N5
消える,N5
聞く,N5
北,N5
ギター,N5
汚い,N5
喫茶店,N5
切手,N5
切符,N5
昨日,N5
九,N5
牛肉,N5
牛乳,N5
今日,N5
教室,N5
兄弟,N5
去年,N5
嫌い,N5
切る,N5
着る,N5
綺麗,N5
キロ; キログラム,N5
キロ; キロメートル,N5
銀行,N5
金曜日,N5
九,N5
薬,N5
下さい,N5
果物,N5
口,N5
靴,N5
靴下,N5
国,N5
曇り,N5
曇る,N5
暗い,N5
～くらい; ぐらい,N5
クラス,N5
グラム,N5
来る,N5
車,N5
黒,N5
黒い,N5
警官,N5
今朝,N5
消す,N5
結構,N5
結婚,N5
月曜日,N5
玄関,N5
元気,N5
～個,N5
五,N5
～語,N5
公園,N5
交差点,N5
紅茶,N5
交番,N5
声,N5
コート,N5
コーヒー,N5
ここ,N5
午後,N5
九日,N5
九つ,N5
午前,N5
答える,N5
こちら,N5
こっち,N5
コップ,N5
今年,N5
言葉,N5
子供,N5
この,N5
御飯,N5
コピーする,N5
困る,N5
これ,N5
～ころ; ～ごろ,N5
今月,N5
今週,N5
こんな,N5
今晩,N5
さあ,N5
～歳,N5
財布,N5
魚,N5
先,N5
咲く,N5
作文,N5
差す,N5
～冊,N5
雑誌,N5
砂糖,N5
寒い,N5
さ来年,N5
～さん,N5
三,N5
散歩,N5
四,N5
～時,N5
塩,N5
しかし,N5
時間,N5
～時間,N5
仕事,N5
辞書,N5
静か,N5
下,N5
七,N5
質問,N5
自転車,N5
自動車,N5
死ぬ,N5
字引,N5
自分,N5
閉まる,N5
閉める,N5
締める,N5
じゃ; じゃあ,N5
写真,N5
シャツ,N5
シャワー,N5
十,N5
～中,N5
～週間,N5
授業,N5
宿題,N5
上手,N5
丈夫,N5
醤油,N5
食堂,N5
知る,N5
白,N5
白い,N5
～人,N5
新聞,N5
水曜日,N5
吸う,N5
スカート,N5
好き,N5
～すぎ,N5
少ない,N5
すぐに,N5
少し,N5
涼しい,N5
～ずつ,N5
ストーブ,N5
スプーン,N5
スポーツ,N5
ズボン,N5
住む,N5
する,N5
座る,N5
背,N5
生徒,N5
セーター,N5
石鹸,N5
背広,N5
狭い,N5
ゼロ,N5
千,N5
先月,N5
先週,N5
先生,N5
洗濯,N5
全部,N5
そう; そうです,N5
掃除,N5
そうして; そして,N5
そこ,N5
そちら,N5
そっち,N5
外,N5
その,N5
そば,N5
空,N5
それ,N5
それから,N5
それでは,N5
～台,N5
大学,N5
大使館,N5
大丈夫,N5
大好き,N5
大切,N5
台所,N5
大変,N5
高い,N5
～だけ,N5
沢山,N5
タクシー,N5
出す,N5
～たち,N5
立つ,N5
たて,N5
建物,N5
楽しい,N5
頼む,N5
たばこ,N5
多分,N5
食べ物,N5
食べる,N5
卵,N5
誰,N5
誰か,N5
誕生日,N5
段々,N5
小さい,N5
小さな,N5
近い,N5
違う,N5
近く,N5
地下鉄,N5
地図,N5
父,N5
茶色,N5
茶碗,N5
～中,N5
丁度,N5
ちょっと,N5
一日,N5
使う,N5
疲れる,N5
次,N5
着く,N5
机,N5
作る,N5
つける,N5
勤める,N5
つまらない,N5
冷たい,N5
強い,N5
手,N5
テープ,N5
テープレコーダー,N5
テーブル,N5
出かける,N5
手紙,N5
できる,N5
出口,N5
テスト,N5
では,N5
デパート,N5
でも,N5
出る,N5
テレビ,N5
天気,N5
電気,N5
電車,N5
電話,N5
戸,N5
～度,N5
ドア,N5
トイレ,N5
どう,N5
どうして,N5
どうぞ,N5
動物,N5
どうも,N5
十,N5
遠い,N5
十日,N5
～時,N5
時々,N5
時計,N5
どこ,N5
所,N5
年,N5
図書館,N5
どちら,N5
どっち,N5
とても,N5
どなた,N5
隣,N5
どの,N5
飛ぶ,N5
止まる,N5
友達,N5
土曜日,N5
鳥,N5
鶏肉,N5
取る,N5
撮る,N5
どれ,N5
どんな,N5
ない,N5
ナイフ,N5
中,N5
長い,N5
鳴く,N5
無くす,N5
なぜ,N5
夏,N5
夏休み,N5
～など,N5
七つ,N5
何,N5
七日,N5
名前,N5
習う,N5
並ぶ,N5
並べる,N5
なる,N5
何～,N5
二,N5
にぎやか,N5
肉,N5
西,N5
～日,N5
日曜日,N5
荷物,N5
ニュース,N5
庭,N5
～人,N5
脱ぐ,N5
温い,N5
ネクタイ,N5
猫,N5
寝る,N5
～年,N5
ノート,N5
登る,N5
飲み物,N5
飲む,N5
乗る,N5
歯,N5
パーティー,N5
はい,N5
～杯,N5
灰皿,N5
入る,N5
葉書,N5
はく,N5
箱,N5
橋,N5
箸,N5
始まる,N5
初め; 始め,N5
初めて,N5
走る,N5
バス,N5
バター,N5
二十歳,N5
働く,N5
八,N5
二十日,N5
花,N5
鼻,N5
話,N5
話す,N5
母,N5
早い,N5
速い,N5
春,N5
貼る,N5
晴れ,N5
晴れる,N5
半,N5
晩,N5
～番,N5
パン,N5
ハンカチ,N5
番号,N5
晩御飯,N5
半分,N5
東,N5
～匹,N5
引く,N5
弾く,N5
低い,N5
飛行機,N5
左,N5
人,N5
一つ,N5
一月,N5
一人,N5
暇,N5
百,N5
病院,N5
病気,N5
平仮名,N5
昼,N5
昼御飯,N5
広い,N5
フィルム,N5
封筒,N5
プール,N5
フォーク,N5
吹く,N5
服,N5
二つ,N5
豚肉,N5
二人,N5
二日,N5
太い,N5
冬,N5
降る,N5
古い,N5
～分,N5
文章,N5
ページ,N5
下手,N5
ベッド,N5
ペット,N5
部屋,N5
辺,N5
ペン,N5
勉強,N5
便利,N5
帽子,N5
ボールペン,N5
外,N5
ポケット,N5
欲しい,N5
ポスト,N5
細い,N5
ボタン,N5
ホテル,N5
本,N5
～本,N5
本棚,N5
本当,N5
～枚,N5
毎朝,N5
毎月,N5
毎週,N5
毎日,N5
毎年,N5
毎晩,N5
前,N5
～前,N5
曲る,N5
まずい,N5
また,N5
まだ,N5
町,N5
待つ,N5
まっすぐ,N5
マッチ,N5
窓,N5
丸い; 円い,N5
万,N5
万年筆,N5
磨く,N5
右,N5
短い,N5
水,N5
店,N5
見せる,N5
道,N5
三日,N5
三つ,N5
緑,N5
皆さん,N5
南,N5
耳,N5
見る,N5
みんな,N5
六日,N5
向こう,N5
難しい,N5
六つ,N5
村,N5
目,N5
メートル,N5
眼鏡,N5
もう,N5
木曜日,N5
もしもし,N5
持つ,N5
もっと,N5
物,N5
門,N5
問題,N5
～屋,N5
八百屋,N5
野菜,N5
易しい,N5
安い,N5
休み,N5
休む,N5
八つ,N5
山,N5
やる,N5
夕方,N5
夕飯,N5
郵便局,N5
昨夜,N5
有名,N5
雪,N5
ゆっくりと,N5
八日,N5
洋服,N5
よく,N5
横,N5
四日,N5
四つ,N5
呼ぶ,N5
読む,N5
夜,N5
弱い,N5
来月,N5
来週,N5
来年,N5
ラジオ,N5
ラジオカセ,N5
りっぱ,N5
留学生,N5
両親,N5
料理,N5
旅行,N5
零,N5
冷蔵庫,N5
レコード,N5
レストラン,N5
練習,N5
廊下,N5
六,N5
ワイシャツ,N5
若い,N5
分かる,N5
忘れる,N5
私,N5
私,N5
渡す,N5
渡る,N5
悪い,N5
