word,x,y,cluster
いくつ,-4.1807437,7.093217,8
いつも,1.6479262,-9.147833,14
うち,-4.203288,7.11849,8
うるさい,3.7351773,4.6318893,18
おととし,-2.4925454,-7.511927,15
おまわりさん,1.880758,-1.4562842,9
お兄さん,3.6970918,16.893333,10
お姉さん,3.4874196,17.926746,10
お手洗い,17.833838,0.19745438,0
お母さん,3.4104428,18.065937,10
お父さん,3.671102,16.920042,10
お腹,3.6734457,4.73527,18
お菓子,3.5802128,17.927254,10
お金,6.692715,12.090491,-1
かかる,11.312029,13.253359,2
かける,11.300661,13.113832,2
かばん,9.247371,11.9590025,13
かぶる,0.20689483,-0.88859916,-1
する,-4.1502986,7.1308904,8
そば,-0.8005718,-0.88747305,19
たて,2.765733,-1.5343318,9
たばこ,3.362051,18.21214,10
つける,-4.211513,7.059674,8
つまらない,3.7770061,4.4789376,18
できる,11.318776,13.126143,2
ない,-1.1769276,-0.06174598,19
なる,-4.172915,7.0733333,8
はく,8.242143,-3.9641864,3
まずい,-4.1322317,7.0685706,8
みんな,1.6196172,-8.421267,14
やる,-4.139541,7.2007947,8
アパート,10.1373625,11.572036,13
エレベーター,10.079515,11.57866,13
カップ,9.619049,11.856677,13
カメラ,0.52855974,9.912403,6
カレンダー,9.274499,11.982533,13
カレー,7.2359114,12.592592,12
ギター,9.646997,12.379394,13
クラス,-4.3916497,11.041568,4
グラム,3.235959,5.583417,-1
コップ,9.168615,11.969534,13
コピーする,9.641813,11.802168,13
コート,-2.6002502,-6.830253,15
コーヒー,6.5592637,13.317656,12
シャツ,-3.0711603,-5.25597,15
シャワー,17.80172,0.22956663,0
スカート,-2.951282,-5.708669,15
ストーブ,10.213035,12.241484,13
スプーン,10.068946,12.213872,13
スポーツ,10.121727,12.307411,13
ズボン,10.204247,12.316076,13
セーター,-2.9972882,-5.5232315,15
ゼロ,9.548659,12.568655,-1
タクシー,1.7606406,14.9138,5
テスト,-4.242847,10.891847,4
テレビ,10.107892,11.500956,13
テーブル,11.128881,12.946203,2
テープ,10.227034,12.221795,13
テープレコーダー,10.177641,12.139583,13
デパート,10.054918,11.564812,13
トイレ,17.737694,0.29355553,0
ドア,10.188826,12.252125,13
ナイフ,9.491912,12.179267,13
ニュース,0.5167392,11.255442,6
ネクタイ,-3.0361378,-5.2701793,15
ノート,1.2133412,11.499974,6
ハンカチ,9.663123,11.9108,13
バス,10.186617,11.75319,13
バター,10.167606,11.576025,13
パン,9.729217,11.8672085,13
パーティー,10.009093,11.663714,13
フィルム,1.1316957,10.658872,6
フォーク,7.76888,-3.1537018,-1
プール,10.030573,12.138889,13
ベッド,10.061921,11.563455,13
ペット,10.132618,11.534902,13
ペン,10.040725,11.6391735,13
ページ,10.159932,11.509247,13
ホテル,6.708375,12.545959,12
ボタン,10.094554,12.225096,13
ボールペン,10.113318,11.538858,13
ポケット,10.049979,12.290399,13
ポスト,6.601077,12.559397,12
マッチ,4.9876676,10.131945,-1
メートル,1.6360995,-8.513559,14
ラジオ,-0.67950475,-2.0003395,16
ラジオカセ,-0.65027505,-2.0358536,16
レコード,9.577426,12.530719,-1
レストラン,7.038633,12.557506,12
ワイシャツ,-3.0424168,-5.315077,15
一,2.0872164,-9.063708,14
一つ,2.1015317,-9.093654,14
一人,2.084214,-9.092662,14
一日,2.0351899,-9.088476,14
一昨日,1.503995,-9.566392,14
一月,2.1166341,-9.082305,14
一緒,2.045204,-8.999767,14
七,-2.6740289,-6.7483273,15
七つ,-2.659428,-6.770189,15
七日,-2.6528454,-6.762327,15
万,1.6452125,-8.546125,14
万年筆,1.6321261,-8.903534,14
三,8.228321,-3.090474,3
三つ,8.173012,-3.1332343,3
三日,8.098196,-3.0424197,3
上,-4.1261997,7.5283747,4
上げる,-4.0981307,7.560828,4
上着,-4.140812,7.504344,4
下,-0.99338126,-2.7448487,-1
下さる,-0.9580773,-2.7154212,-1
下手,-0.99335134,-2.7613404,-1
両親,3.5227942,17.691225,10
並ぶ,0.93106294,-0.9285943,17
並べる,1.0826116,-0.93182164,17
中,-4.2226048,10.807846,4
乗る,2.8469317,-1.6274978,9
九,-2.324895,-7.569999,15
九つ,-2.2896295,-7.5554385,15
九日,-2.2755651,-7.629797,15
二,-2.686906,-7.2901745,15
二つ,-2.655757,-7.344156,15
二人,-2.7289033,-7.2439237,15
二十日,-2.612999,-7.4284816,15
二十歳,-2.6215975,-7.392551,15
二日,-2.6748085,-7.2979984,15
五,-2.8863947,-6.2129188,15
五つ,-2.8647633,-6.281139,15
五日,-2.8611403,-6.2559156,15
交差点,-0.63401973,-2.037725,-1
交番,1.7239802,-1.5730016,-1
人,5.964846,11.245648,11
今,1.8634963,-9.045025,14
今年,1.7043744,-9.263564,14
今日,1.669281,-9.295606,14
今晩,2.039928,-10.313895,14
今月,0.7025996,-9.745158,14
今朝,2.0390952,-10.300259,14
今週,1.408558,-9.521937,14
仕事,-4.6225843,10.395119,4
休み,0.19727774,-0.8959993,-1
休む,0.23149231,-0.88336736,-1
会う,-4.3575664,10.429057,4
会社,-4.372983,10.41197,4
低い,-1.3823682,0.32553482,19
住む,0.9903398,-0.98965204,17
体,0.12430647,9.193922,6
作る,-4.653431,10.437727,4
作文,1.0327922,11.10369,6
使う,-4.617562,10.315035,4
便利,17.85503,0.17620909,0
借りる,-0.7360716,-1.6344671,16
傘,-2.9140291,-5.601739,-1
働く,-4.774102,10.561634,4
元気,1.7490157,14.929785,5
兄,3.7231634,16.854235,10
兄弟,3.6763544,16.90803,10
先,2.26362,-1.4092594,9
先月,1.2001629,-9.643478,14
先生,2.2730994,-1.416592,9
先週,1.4400995,-9.497935,14
入る,3.5110636,-2.5248497,-1
入れる,3.529403,-2.4936934,-1
入口,3.5541732,-2.5439856,-1
全部,1.6529495,-8.479821,-1
八,0.04477893,-9.890328,14
八つ,0.011991305,-9.874463,14
八日,0.07857424,-9.839493,14
八百屋,0.04862526,-9.845462,14
公園,6.013146,11.539459,11
六,-2.5276558,-6.9149365,15
六つ,-2.565307,-6.879788,15
六日,-2.5516105,-6.8766966,15
写真,1.2618066,11.0709915,6
冬,8.161093,-4.368102,3
冷たい,-1.292181,0.5441423,19
冷蔵庫,3.286335,5.6056337,-1
出かける,3.535244,-2.4983406,-1
出す,3.513927,-2.5260782,-1
出る,3.5235302,-2.5074003,-1
出口,3.580415,-2.4831262,-1
分かる,9.17311,11.943948,13
切る,11.386144,13.177324,2
切手,11.352807,13.203544,2
切符,11.334092,13.159444,2
前,1.8146131,-1.4954876,9
勉強,-4.6724315,10.684407,4
動物,5.8551273,11.15487,11
勤める,-4.721527,10.590724,4
北,9.6299095,12.399545,-1
医者,3.321814,5.5918837,-1
十,-2.4973755,-7.4978356,15
十日,-2.4169266,-7.5661244,15
千,1.6397817,-8.594797,14
午前,1.7645786,-1.4973685,9
午後,1.7571626,-1.4020432,-1
半,9.212693,11.968306,13
半分,9.188858,11.941042,13
南,8.242604,-3.2435029,3
危ない,-11.785357,5.9885073,1
卵,3.5566618,17.961098,10
厚い,-9.233083,3.4818196,7
去年,0.8345454,-9.707026,14
友達,3.6878662,16.87286,10
取る,-0.7305603,-2.0135198,16
口,0.12926254,9.117085,6
古い,0.99401075,-0.9740455,-1
可愛い,-11.5841875,5.38387,1
台所,-4.1576033,7.792341,4
右,8.23909,-3.2066422,3
名前,1.8611319,-1.4926021,9
向こう,2.5556567,-1.4474661,9
吸う,8.847593,12.195521,13
吹く,8.861876,12.161537,13
呼ぶ,8.993126,12.209226,13
咲く,-9.034863,3.698156,7
問題,-4.1151094,10.773611,4
喫茶店,6.4652915,13.420993,12
四,8.151503,-3.188476,3
四つ,8.193838,-3.201163,3
四日,8.158886,-3.1664476,3
困る,3.7791739,4.590899,18
図書館,1.2316736,11.178363,6
国,5.948366,11.458715,11
土曜日,0.16989157,-9.799936,14
在る,1.043818,-0.92800874,17
地下鉄,-1.0721258,-2.8757591,-1
地図,1.373338,10.998109,6
塩,17.909882,0.12142767,0
声,0.23380691,9.263827,6
売る,-0.7783844,-1.5592339,16
夏,-2.6971617,-6.7539544,15
夏休み,0.19216791,-0.8835122,-1
夕方,2.1269698,-10.400789,14
夕飯,2.2262933,-10.492016,14
外,5.9197793,11.344281,11
外国,5.8889136,11.397688,11
外国人,5.9770546,11.335409,11
多い,-9.176663,3.5412526,7
夜,2.1548545,-10.432736,14
大きい,-9.19045,3.5782647,7
大人,-9.201045,3.5272777,7
大使館,-4.569071,10.20612,4
大勢,-9.286841,3.4668412,7
大学,-4.707542,10.6124735,4
天気,1.7688739,14.906041,5
太い,-9.194034,3.591882,7
奥さん,3.5446966,5.010151,-1
女,3.2678115,18.28731,10
女の子,3.4935334,17.811914,10
妹,3.3225198,18.178963,10
姉,3.4067507,18.031063,10
始まる,2.2918727,-1.4164808,9
嫌い,3.7908957,4.4824686,18
子供,3.4893732,17.728659,10
字引,8.904107,12.156024,13
学校,-4.511344,11.096497,4
学生,-4.4866085,11.089083,4
安い,-11.556439,5.35307,1
家,6.6125216,12.473699,12
家庭,6.090885,11.635788,11
家族,6.4893866,12.644254,12
宿題,6.65575,12.50822,12
寒い,8.151722,-4.4164357,3
寝る,-0.69325083,-0.8224368,-1
封筒,7.82475,12.488712,13
小さい,-1.3840214,0.40571406,19
少ない,-1.229489,0.19573656,19
居る,0.738496,-0.95894694,17
山,8.206699,-4.2776194,3
左,-2.8500364,-6.3075876,15
差す,-0.74075437,-1.9160016,16
帰る,-0.7079014,-2.126887,16
帽子,3.6276863,17.89457,10
平仮名,2.8347983,5.705414,-1
年,1.7351665,-9.067543,14
広い,-9.212774,3.473787,7
店,7.0306163,12.579024,12
座る,0.14566177,-0.8907759,-1
庭,6.093694,11.676282,11
廊下,-1.0165681,-2.7965329,-1
建物,5.888997,11.169971,11
引く,8.836151,12.222982,13
弟,3.67655,16.914381,10
弱い,-1.238628,0.1724597,19
強い,-9.2521925,3.4592931,7
弾く,7.98432,12.421946,13
待つ,0.71628934,-0.95343214,17
後,-0.49101508,-1.1135818,-1
後ろ,-0.7685437,-0.8931804,19
御飯,2.2723455,-10.537939,14
忘れる,-0.88160425,-0.7583201,19
忙しい,-9.284338,3.459827,7
悪い,3.7863076,4.507902,18
意味,8.219588,12.394613,13
戸,5.8872986,11.149331,11
所,-4.22721,7.130362,8
手,11.303235,13.191737,2
手紙,1.2684675,11.043087,6
押す,11.361957,13.187429,2
持つ,2.6532488,-1.5030569,9
掃除,-0.7951096,-1.670243,16
授業,-4.7504697,10.597508,4
掛ける,11.384594,13.253537,2
撮る,0.5947963,10.01057,6
教える,-4.455983,11.007623,4
教室,-4.4573574,11.03549,4
散歩,3.1268244,-1.8707776,9
文章,1.008842,11.144372,6
料理,6.487431,11.863982,-1
新しい,-4.202615,7.0985236,8
新聞,0.5045167,11.171036,6
方,0.11222342,9.117493,6
旅行,3.1763036,-1.9145083,9
日曜日,0.18137045,-9.80867,14
早い,-9.035979,3.6594806,7
明るい,-11.776108,6.0066977,1
明後日,1.4900217,-1.2184112,-1
明日,-11.775702,6.097157,1
易しい,-11.741154,5.565798,1
映画,1.2742395,10.862735,6
映画館,1.1094975,10.679576,6
春,8.176979,-3.2030003,3
昨夜,1.710732,-10.046217,14
昨日,1.4522225,-9.512802,14
昼,2.1979156,-10.473135,14
昼御飯,2.2578251,-10.525243,14
時々,1.0468258,-0.9528879,17
時計,-2.2770298,-7.623756,15
時間,1.0444472,-0.9856611,17
晩,2.0975509,-10.378252,14
晩御飯,2.2279346,-10.496213,14
晴れ,-11.782344,6.05072,1
晴れる,-11.810657,6.100962,1
暇,0.12840423,-0.85972136,-1
暑い,-11.645373,5.494934,1
暖かい,-11.69569,5.570082,1
暗い,3.788439,4.495144,18
曇り,8.18134,-4.386981,3
曇る,8.185469,-4.370366,3
曲る,7.7991443,-3.1438,-1
書く,1.1402451,11.245564,6
月曜日,0.39259666,-9.766319,14
有る,-4.2576933,6.9741325,8
服,-3.1033123,-5.203746,15
朝,2.137045,-10.410824,14
朝御飯,2.2805207,-10.549177,14
木,8.22465,-3.8680923,3
木曜日,0.22316082,-9.76572,14
本,1.1812308,11.491074,6
本当,1.1432124,11.562876,6
本棚,1.2145759,11.51827,6
机,-4.204433,10.796905,4
村,6.0626965,11.334381,-1
来る,2.3462882,-1.3772371,9
来年,1.1099064,-9.624844,14
来月,0.68463784,-9.737653,14
来週,1.1232756,-9.714932,14
東,8.159868,-3.092446,3
果物,5.910783,11.228919,11
椅子,3.6285105,17.862497,10
楽しい,-11.646565,5.4444833,1
横,-0.71245325,-0.8522457,-1
橋,3.2806628,-2.0248172,9
次,-4.2165465,7.136328,8
欲しい,-4.2242713,7.0451117,8
歌,7.762687,-3.1524374,-1
歌う,7.7430496,-3.1812122,-1
止まる,-0.8889674,-0.7528567,19
歩く,3.1117327,-1.8487128,9
歯,3.320796,5.621469,-1
死ぬ,-11.779744,6.0106673,1
段々,1.0771463,-0.9689775,-1
母,3.3901587,18.058681,10
毎年,1.5984812,-9.261665,14
毎日,1.6496049,-9.342467,14
毎晩,1.5306214,-9.715796,14
毎月,1.5479892,-9.425089,14
毎朝,1.6634042,-9.769973,14
毎週,1.4703275,-9.487418,14
水,17.84285,0.18849407,0
水曜日,0.18571015,-9.780797,14
汚い,3.805034,4.53954,18
池,17.791775,0.23950768,0
泳ぐ,17.864838,0.16649194,0
洋服,1.397414,10.907826,6
洗う,17.844738,0.18655367,0
洗濯,17.706232,0.32504436,0
浴びる,17.823301,0.20805117,0
海,17.988436,0.042862017,0
消える,-0.7614731,-1.6462387,16
消す,-0.7517195,-1.5718967,16
涼しい,-11.7002945,5.5628066,1
渡す,3.2110558,-1.9511113,9
渡る,3.248395,-1.990099,9
温い,-11.626335,5.4537773,1
漢字,9.874317,12.054194,-1
火曜日,0.14899826,-9.930636,14
灰皿,17.835287,0.19605355,0
無くす,-1.0678806,-0.34006807,19
熱い,-9.176674,3.505256,7
父,3.6702008,16.923529,10
片仮名,1.7390494,-1.5457371,-1
牛乳,4.9782953,10.124582,-1
牛肉,4.9868417,10.13481,-1
物,5.8765163,11.166171,11
犬,5.0019403,10.149562,-1
狭い,-1.2894665,0.23804922,19
猫,3.306635,18.241587,10
玄関,3.2466192,5.6184516,-1
甘い,-11.616897,5.442351,1
生まれる,-1.174766,-0.049296975,19
生徒,-4.733431,10.543391,4
男,3.6842847,16.901394,10
男の子,3.5733488,17.315935,10
町,9.433624,12.554997,-1
留学生,-4.4728637,11.072278,4
番号,8.19747,-3.1146233,3
疲れる,3.5807078,4.9506674,-1
病気,3.6167274,4.870812,-1
病院,3.4503963,5.40545,-1
痛い,3.8198555,4.6057262,18
登る,3.110978,-1.852156,9
白,8.260729,-3.8639457,3
白い,8.248535,-3.906249,3
百,1.6371326,-8.605579,14
皆さん,1.5948182,-8.37416,-1
目,0.36077198,9.619778,6
眼鏡,0.42289406,9.713946,6
着く,1.036818,-0.9666419,17
着る,1.0452095,-0.99854106,17
知る,-4.3837056,10.975272,4
短い,-1.3002794,0.2812413,19
石鹸,8.292214,-4.036522,3
砂糖,8.397391,12.348059,-1
磨く,11.303912,13.09003,2
秋,2.152263,-10.431568,14
空,-0.99240893,-0.5352404,19
窓,0.4648378,9.846933,6
立つ,2.724355,-1.560816,9
答える,-4.246338,10.882514,4
箱,7.8474593,12.471786,13
箸,9.298034,12.244123,-1
紅茶,6.445558,13.444359,12
紙,1.320264,11.007623,6
細い,-1.2325948,0.15897954,19
終る,-0.75273055,-0.9152639,19
結婚,3.346253,18.117455,10
絵,1.3907942,10.929828,6
緑,8.214834,-3.6948702,3
締める,11.384874,13.237061,2
練習,-4.46021,10.976752,4
置く,-0.19261834,-1.061777,-1
美味しい,-11.537779,5.328683,1
習う,-4.478448,11.031594,4
耳,0.20603679,9.271996,6
聞く,0.4957856,11.188512,6
肉,5.0015993,10.148113,-1
背,-2.9132009,-5.8936014,15
背広,-9.143097,3.5132287,7
脱ぐ,3.4518645,-2.5566685,-1
自分,1.7824663,14.89529,5
自動車,1.8662103,14.926408,5
自転車,1.8118831,14.864346,5
色,-3.0697653,-5.258253,15
花,3.4444375,18.271982,10
花瓶,6.420233,13.468317,12
若い,-9.041295,3.6738534,7
英語,1.8156765,14.87412,-1
茶碗,6.4194536,13.477931,12
茶色,6.4095583,13.483655,12
荷物,7.594894,12.530809,13
葉書,1.2989129,11.016059,6
薄い,-1.3710693,0.41659695,19
薬,3.3510525,5.5559635,-1
行く,2.6113906,-1.4964352,9
西,-2.819433,-6.7134323,15
要る,-4.2378926,7.0063996,8
見せる,0.46101674,9.776182,6
見る,0.47632194,9.832981,6
覚える,-11.783401,6.015629,1
角,0.13389838,9.138334,6
言う,0.48446,11.216514,6
言葉,0.63902265,11.20706,6
話,0.49354094,11.227009,6
話す,0.49950245,11.194552,6
誕生日,-11.759476,6.1282797,1
読む,1.1671115,11.537628,6
警官,3.2910047,5.636522,-1
豚肉,5.0258827,10.17335,-1
財布,7.5308533,12.537321,13
買い物,6.9952207,12.584342,12
買う,7.0642047,12.577218,12
貸す,-0.7349064,-1.8956327,-1
貼る,1.3087872,11.015872,6
質問,-4.147782,10.820832,4
赤,-3.081092,-5.2393794,15
赤い,-2.9994528,-5.209987,15
走る,3.0753055,-1.8066546,9
起きる,2.619332,-1.4718219,9
車,1.7726437,14.852341,5
軽い,-1.3271497,0.28770185,19
辛い,3.7922564,4.5709877,18
辞書,0.9678942,11.294172,6
辺,6.236709,11.390609,-1
近い,-11.734574,6.016673,1
近く,-11.74235,6.0067706,1
返す,-0.7353904,-2.09493,16
速い,-9.05597,3.426402,7
遅い,-1.3923846,0.36487436,19
遊ぶ,8.296899,12.348626,13
道,3.2194128,-1.955373,9
違う,3.7937672,4.507626,18
遠い,-1.3245695,0.42496806,19
部屋,-4.5012894,10.314732,4
郵便局,7.6574564,12.529228,13
醤油,8.443173,12.340532,-1
重い,-9.322894,3.3916981,7
野菜,6.415745,13.474865,12
金曜日,0.18076953,-9.772638,14
鉛筆,1.3159462,10.975448,6
銀行,6.5611806,11.909945,-1
鍵,3.2749507,5.632935,-1
長い,-9.274501,3.4364326,7
門,0.081284404,9.038737,-1
閉まる,-0.9456412,-0.6699971,19
閉める,-0.8954523,-0.77067083,19
開く,-8.8048315,4.0759516,-1
開ける,2.5349488,-1.3920555,-1
降りる,-0.91105944,-2.528268,-1
降る,-0.92738044,-2.5934358,-1
階段,0.41309416,9.850299,-1
隣,6.0269594,11.301825,-1
雑誌,0.66226184,11.247586,6
難しい,3.774603,4.5872126,18
雨,8.189187,-4.4084444,3
雪,8.181379,-4.3482866,3
零,-0.9897594,-0.63408047,19
電気,1.874186,14.798964,5
電話,1.8016864,14.847503,5
電車,1.7584227,14.909593,5
青,8.305199,-3.8019764,3
青い,8.263881,-3.7375023,3
面白い,8.32356,-3.9086072,3
靴,-2.9481266,-5.743994,15
靴下,-1.0523185,-2.848965,-1
音楽,-11.671203,5.3992457,1
頭,0.16667709,9.177168,6
頼む,6.3852415,11.717113,-1
顔,0.22226217,9.251312,6
風,3.4771495,5.1553965,-1
風邪,3.5164812,5.072133,-1
飛ぶ,8.68413,12.235672,13
飛行機,8.634474,12.252377,13
食べる,7.0813084,12.536339,12
食べ物,7.1047096,12.584711,12
食堂,7.071448,12.54874,12
飲み物,17.90415,0.1270856,0
飲む,17.772411,0.25854862,0
飴,3.6099815,17.909657,10
駅,9.544949,12.53191,-1
高い,-9.187489,3.4829257,7
魚,17.900053,0.13132973,0
鳥,3.3206327,18.239922,10
鳴く,-4.0765996,7.011171,8
鶏肉,5.0057645,10.153942,-1
黄色,-3.1005316,-5.2594137,15
黄色い,-3.0058663,-5.332822,15
黒,-2.9158797,-6.1613517,15
黒い,-2.8872635,-6.2154613,15
鼻,0.23369014,9.22315,6
